{
  "group": "theultimateclothesmod",
  "type": "minecraft:crafting_shaped",
  "pattern": [
    "012",
    "345",
    " 7 "
  ],
  "key": {
    "0": {
      "item": "theultimateclothesmod:blackfabric"
    },
    "1": {
      "item": "theultimateclothesmod:blackfabric"
    },
    "2": {
      "item": "theultimateclothesmod:blackfabric"
    },
    "3": {
      "item": "theultimateclothesmod:blackfabric"
    },
    "4": {
      "item": "theultimateclothesmod:blackfabric"
    },
    "5": {
      "item": "theultimateclothesmod:blackfabric"
    },
    "7": {
      "item": "theultimateclothesmod:blackfabric"
    }
  },
  "result": {
    "item": "theultimateclothesmod:blackarmor_helmet",
    "count": 1
  }
}