{
  "group": "theultimateclothesmod",
  "type": "minecraft:crafting_shaped",
  "pattern": [
    "012",
    "3 5"
  ],
  "key": {
    "0": {
      "item": "theultimateclothesmod:blackfabric"
    },
    "1": {
      "item": "theultimateclothesmod:blackfabric"
    },
    "2": {
      "item": "theultimateclothesmod:blackfabric"
    },
    "3": {
      "item": "theultimateclothesmod:blackfabric"
    },
    "5": {
      "item": "theultimateclothesmod:blackfabric"
    }
  },
  "result": {
    "item": "theultimateclothesmod:black_clothes_2armor_helmet",
    "count": 1
  }
}