{
  "group": "theultimateclothesmod",
  "type": "minecraft:crafting_shaped",
  "pattern": [
    "0 2",
    "3 5"
  ],
  "key": {
    "0": {
      "item": "theultimateclothesmod:blue_fabric"
    },
    "2": {
      "item": "theultimateclothesmod:blue_fabric"
    },
    "3": {
      "item": "theultimateclothesmod:blue_fabric"
    },
    "5": {
      "item": "theultimateclothesmod:blue_fabric"
    }
  },
  "result": {
    "item": "theultimateclothesmod:blue_clothesarmor_boots",
    "count": 1
  }
}