{
  "group": "theultimateclothesmod",
  "type": "minecraft:crafting_shaped",
  "pattern": [
    "012",
    "345"
  ],
  "key": {
    "0": {
      "item": "minecraft:gold_ingot"
    },
    "1": {
      "item": "minecraft:gold_ingot"
    },
    "2": {
      "item": "minecraft:gold_ingot"
    },
    "3": {
      "item": "minecraft:gold_ingot"
    },
    "4": {
      "item": "minecraft:gold_nugget"
    },
    "5": {
      "item": "minecraft:gold_ingot"
    }
  },
  "result": {
    "item": "theultimateclothesmod:technoblade_armor_helmet",
    "count": 1
  }
}