{
  "_fv": 6,
  "_type": "recipe",
  "definition": {
    "recipeType": "Crafting",
    "xpReward": 0.0,
    "recipeRetstackSize": 1,
    "group": "",
    "recipeShapeless": false,
    "recipeSlots": [
      {
        "value": "CUSTOM:BlackFabric"
      },
      {
        "value": ""
      },
      {
        "value": "CUSTOM:BlackFabric"
      },
      {
        "value": "CUSTOM:BlackFabric"
      },
      {
        "value": "CUSTOM:BlackFabric"
      },
      {
        "value": "CUSTOM:BlackFabric"
      },
      {
        "value": "CUSTOM:BlackFabric"
      },
      {
        "value": "CUSTOM:BlackFabric"
      },
      {
        "value": "CUSTOM:BlackFabric"
      }
    ],
    "recipeReturnStack": {
      "value": "CUSTOM:Black_Clothes_2Armor.body"
    },
    "name": "black_clothes_2armorbodyrecipe",
    "namespace": "mod"
  }
}