{
  "_fv": 6,
  "_type": "armor",
  "definition": {
    "enableHelmet": false,
    "textureHelmet": "blue_clothes_head",
    "enableBody": true,
    "textureBody": "blue_clothes_body",
    "enableLeggings": true,
    "textureLeggings": "blue_clothes_leggings",
    "enableBoots": true,
    "textureBoots": "blue_clothes_boots",
    "creativeTab": {
      "value": "CUSTOM:Clothes"
    },
    "armorTextureFile": "blue_clothes",
    "helmetName": "Blue Hat",
    "bodyName": "Blue Shirt",
    "leggingsName": "Jeans",
    "bootsName": "Blue Shoes",
    "helmetModelName": "Default",
    "helmetModelPart": "Helmet",
    "helmetModelTexture": "From armor",
    "bodyModelName": "Default",
    "bodyModelPart": "Body",
    "bodyModelTexture": "From armor",
    "leggingsModelName": "Default",
    "leggingsModelPartL": "Leggings L",
    "leggingsModelPartR": "Leggings R",
    "leggingsModelTexture": "From armor",
    "bootsModelName": "Default",
    "bootsModelPartL": "Boots L",
    "bootsModelPartR": "Boots R",
    "bootsModelTexture": "From armor",
    "maxDamage": 15,
    "damageValueHelmet": 2,
    "damageValueBody": 5,
    "damageValueLeggings": 6,
    "damageValueBoots": 2,
    "enchantability": 10,
    "toughness": 1.0,
    "equipSound": {
      "value": ""
    },
    "repairItems": []
  }
}