{
  "_fv": 6,
  "_type": "armor",
  "definition": {
    "enableHelmet": true,
    "textureHelmet": "green_hood",
    "enableBody": true,
    "textureBody": "green_jacket",
    "enableLeggings": true,
    "textureLeggings": "green_shorts",
    "enableBoots": true,
    "textureBoots": "green_boots",
    "creativeTab": {
      "value": "CUSTOM:Clothes"
    },
    "armorTextureFile": "green",
    "helmetName": "Green Hood",
    "bodyName": "Green Jacket",
    "leggingsName": "Green Shorts",
    "bootsName": "Green Boots",
    "helmetModelName": "Default",
    "helmetModelPart": "Helmet",
    "helmetModelTexture": "From armor",
    "bodyModelName": "Default",
    "bodyModelPart": "Body",
    "bodyModelTexture": "From armor",
    "leggingsModelName": "Default",
    "leggingsModelPartL": "Leggings L",
    "leggingsModelPartR": "Leggings R",
    "leggingsModelTexture": "From armor",
    "bootsModelName": "Default",
    "bootsModelPartL": "Boots L",
    "bootsModelPartR": "Boots R",
    "bootsModelTexture": "From armor",
    "maxDamage": 15,
    "damageValueHelmet": 2,
    "damageValueBody": 5,
    "damageValueLeggings": 6,
    "damageValueBoots": 2,
    "enchantability": 9,
    "toughness": 0.0,
    "equipSound": {
      "value": ""
    },
    "repairItems": []
  }
}