{
  "_fv": 6,
  "_type": "armor",
  "definition": {
    "enableHelmet": true,
    "textureHelmet": "purple_clothes_head",
    "enableBody": true,
    "textureBody": "purple_clothes_body",
    "enableLeggings": true,
    "textureLeggings": "purple_clothes_leggings",
    "enableBoots": true,
    "textureBoots": "purple_clothes_boots",
    "creativeTab": {
      "value": "CUSTOM:Clothes"
    },
    "armorTextureFile": "purple_clothes",
    "helmetName": "Purple_Clothes Helmet",
    "bodyName": "Purple_Clothes Chestplate",
    "leggingsName": "Purple_Clothes Leggings",
    "bootsName": "Purple_Clothes Boots",
    "helmetModelName": "Default",
    "helmetModelPart": "Helmet",
    "helmetModelTexture": "From armor",
    "bodyModelName": "Default",
    "bodyModelPart": "Body",
    "bodyModelTexture": "From armor",
    "leggingsModelName": "Default",
    "leggingsModelPartL": "Leggings L",
    "leggingsModelPartR": "Leggings R",
    "leggingsModelTexture": "From armor",
    "bootsModelName": "Default",
    "bootsModelPartL": "Boots L",
    "bootsModelPartR": "Boots R",
    "bootsModelTexture": "From armor",
    "maxDamage": 15,
    "damageValueHelmet": 2,
    "damageValueBody": 5,
    "damageValueLeggings": 6,
    "damageValueBoots": 2,
    "enchantability": 9,
    "toughness": 0.0,
    "equipSound": {
      "value": ""
    },
    "repairItems": []
  }
}