{
  "_fv": 6,
  "_type": "recipe",
  "definition": {
    "recipeType": "Crafting",
    "xpReward": 0.0,
    "recipeRetstackSize": 1,
    "group": "",
    "recipeShapeless": false,
    "recipeSlots": [
      {
        "value": ""
      },
      {
        "value": ""
      },
      {
        "value": ""
      },
      {
        "value": "Items.STRING"
      },
      {
        "value": "Items.DYE#5"
      },
      {
        "value": ""
      },
      {
        "value": "Items.STRING"
      },
      {
        "value": "Items.DYE#5"
      },
      {
        "value": ""
      }
    ],
    "recipeReturnStack": {
      "value": "CUSTOM:Purple_Fabric"
    },
    "name": "purplefabricrecipe",
    "namespace": "mod"
  }
}