{
  "_fv": 6,
  "_type": "armor",
  "definition": {
    "enableHelmet": true,
    "textureHelmet": "yellow_hood",
    "enableBody": true,
    "textureBody": "yellow_jacket",
    "enableLeggings": true,
    "textureLeggings": "yellow_shorts",
    "enableBoots": true,
    "textureBoots": "yellow_clothes_2_boots",
    "creativeTab": {
      "value": "CUSTOM:Clothes"
    },
    "armorTextureFile": "yellow_clothes_2",
    "helmetName": "Yellow Hood",
    "bodyName": "Yellow Jacket",
    "leggingsName": "Yellow Shorts",
    "bootsName": "Yellow Boots",
    "helmetModelName": "Default",
    "helmetModelPart": "Helmet",
    "helmetModelTexture": "From armor",
    "bodyModelName": "Default",
    "bodyModelPart": "Body",
    "bodyModelTexture": "From armor",
    "leggingsModelName": "Default",
    "leggingsModelPartL": "Leggings L",
    "leggingsModelPartR": "Leggings R",
    "leggingsModelTexture": "From armor",
    "bootsModelName": "Default",
    "bootsModelPartL": "Boots L",
    "bootsModelPartR": "Boots R",
    "bootsModelTexture": "From armor",
    "maxDamage": 15,
    "damageValueHelmet": 2,
    "damageValueBody": 5,
    "damageValueLeggings": 6,
    "damageValueBoots": 2,
    "enchantability": 9,
    "toughness": 0.0,
    "equipSound": {
      "value": ""
    },
    "repairItems": []
  }
}