{
  "_fv": 10,
  "_type": "plant",
  "definition": {
    "renderType": 12,
    "texture": "fabric_plant",
    "customModelName": "Cross model",
    "plantType": "normal",
    "staticPlantGenerationType": "Flower",
    "growapableSpawnType": "Plains",
    "growapableMaxHeight": 3,
    "name": "Fabric Plant",
    "specialInfo": [],
    "creativeTab": {
      "value": "CUSTOM:Clothes"
    },
    "hardness": 0.0,
    "resistance": 0.0,
    "luminance": 0.0,
    "unbreakable": false,
    "soundOnStep": {
      "value": "PLANT"
    },
    "customDrop": {
      "value": "CUSTOM:BlackFabric"
    },
    "dropAmount": 5,
    "forceTicking": false,
    "emissiveRendering": false,
    "hasTileEntity": false,
    "isReplaceable": false,
    "colorOnMap": "DEFAULT",
    "creativePickItem": {
      "value": ""
    },
    "offsetType": "XZ",
    "aiPathNodeType": "DEFAULT",
    "flammability": 0,
    "fireSpreadSpeed": 0,
    "frequencyOnChunks": 20,
    "spawnWorldTypes": [
      "Surface"
    ],
    "restrictionBiomes": []
  }
}