{
  "_fv": 10,
  "_type": "armor",
  "definition": {
    "enableHelmet": false,
    "textureHelmet": "suit_head",
    "enableBody": true,
    "textureBody": "suit_body",
    "enableLeggings": true,
    "textureLeggings": "suit_leggings",
    "enableBoots": true,
    "textureBoots": "suit_boots",
    "creativeTab": {
      "value": "CUSTOM:Clothes"
    },
    "armorTextureFile": "suit",
    "helmetName": "Suit Helmet",
    "bodyName": "Suit Tuxedo",
    "leggingsName": "Dress Pants",
    "bootsName": "Black Shoes",
    "helmetSpecialInfo": [],
    "bodySpecialInfo": [],
    "leggingsSpecialInfo": [],
    "bootsSpecialInfo": [],
    "helmetModelName": "Default",
    "helmetModelPart": "Helmet",
    "helmetModelTexture": "From armor",
    "bodyModelName": "Default",
    "bodyModelPart": "Body",
    "bodyModelTexture": "From armor",
    "leggingsModelName": "Default",
    "leggingsModelPartL": "Leggings L",
    "leggingsModelPartR": "Leggings R",
    "leggingsModelTexture": "From armor",
    "bootsModelName": "Default",
    "bootsModelPartL": "Boots L",
    "bootsModelPartR": "Boots R",
    "bootsModelTexture": "From armor",
    "maxDamage": 117,
    "damageValueHelmet": 2,
    "damageValueBody": 5,
    "damageValueLeggings": 6,
    "damageValueBoots": 2,
    "enchantability": 0,
    "toughness": 0.0,
    "equipSound": {
      "value": "entity.lightning.thunder"
    },
    "repairItems": []
  }
}