{
  "_fv": 10,
  "_type": "armor",
  "definition": {
    "enableHelmet": true,
    "textureHelmet": "techno_crown",
    "enableBody": false,
    "textureBody": "technoblade_body",
    "enableLeggings": false,
    "textureLeggings": "technoblade_leggings",
    "enableBoots": false,
    "textureBoots": "technoblade_boots",
    "creativeTab": {
      "value": "CUSTOM:Clothes"
    },
    "armorTextureFile": "technoblade",
    "helmetName": "Technoblade Crown",
    "bodyName": "Technoblade Chestplate",
    "leggingsName": "Technoblade Leggings",
    "bootsName": "Technoblade Boots",
    "helmetSpecialInfo": [],
    "bodySpecialInfo": [],
    "leggingsSpecialInfo": [],
    "bootsSpecialInfo": [],
    "helmetModelName": "Modeltechno",
    "helmetModelPart": "bone",
    "helmetModelTexture": "technoblade_crown_layer_1.png",
    "bodyModelName": "Default",
    "bodyModelPart": "Body",
    "armsModelPartL": "Arms L",
    "armsModelPartR": "Arms R",
    "bodyModelTexture": "From armor",
    "leggingsModelName": "Default",
    "leggingsModelPartL": "Leggings L",
    "leggingsModelPartR": "Leggings R",
    "leggingsModelTexture": "From armor",
    "bootsModelName": "Default",
    "bootsModelPartL": "Boots L",
    "bootsModelPartR": "Boots R",
    "bootsModelTexture": "From armor",
    "maxDamage": 15,
    "damageValueHelmet": 500,
    "damageValueBody": 5,
    "damageValueLeggings": 6,
    "damageValueBoots": 2,
    "enchantability": 9,
    "toughness": 0.0,
    "equipSound": {
      "value": ""
    },
    "repairItems": []
  }
}