{
  "group": "theultimateclothesmod",
  "type": "minecraft:crafting_shaped",
  "pattern": [
    "0 2",
    "345",
    "678"
  ],
  "key": {
    "0": {
      "item": "theultimateclothesmod:green_fabric"
    },
    "2": {
      "item": "theultimateclothesmod:green_fabric"
    },
    "3": {
      "item": "theultimateclothesmod:green_fabric"
    },
    "4": {
      "item": "theultimateclothesmod:green_fabric"
    },
    "5": {
      "item": "theultimateclothesmod:green_fabric"
    },
    "6": {
      "item": "theultimateclothesmod:green_fabric"
    },
    "7": {
      "item": "theultimateclothesmod:green_fabric"
    },
    "8": {
      "item": "theultimateclothesmod:green_fabric"
    }
  },
  "result": {
    "item": "theultimateclothesmod:greenarmorbody",
    "count": 1
  }
}