{"stats":{"minecraft:custom":{"minecraft:jump":49,"minecraft:time_since_rest":27500,"minecraft:crouch_one_cm":812,"minecraft:play_one_minute":27500,"minecraft:leave_game":40,"minecraft:sprint_one_cm":3156,"minecraft:time_since_death":27500,"minecraft:walk_on_water_one_cm":379,"minecraft:walk_one_cm":35537,"minecraft:sneak_time":596,"minecraft:walk_under_water_one_cm":90,"minecraft:drop":2,"minecraft:fly_one_cm":15871},"minecraft:used":{"minecraft:glowstone":46,"minecraft:sand":1,"minecraft:lime_concrete":55,"minecraft:oak_slab":1,"minecraft:oak_stairs":6,"minecraft:armor_stand":23}},"DataVersion":1976}